{
  "total_images": 500,
  "successful": 500,
  "errors": 0,
  "error_details": [],
  "metrics": {
    "emeg_original": {
      "mean": 0.8945686610644602,
      "std": 0.028263193077744192,
      "min": 0.6683750363319454,
      "max": 0.9383860689889817
    },
    "emeg_sece": {
      "mean": 0.921209103090063,
      "std": 0.028428741538366244,
      "min": 0.6842128159888936,
      "max": 0.9743646744218825
    },
    "emeg_secedct": {
      "mean": 0.9309542364245451,
      "std": 0.028706059326552777,
      "min": 0.7435625213073573,
      "max": 0.9998045434982565
    },
    "emeg_ghe": {
      "mean": 0.9239391874956325,
      "std": 0.027862079238459188,
      "min": 0.6871899170459329,
      "max": 0.9783085873251846
    },
    "emeg_clahe": {
      "mean": 0.9009749895158107,
      "std": 0.027607513963088148,
      "min": 0.7337205533205723,
      "max": 0.9389540475731624
    },
    "gmsd_sece": {
      "mean": 0.11080477255059012,
      "std": 0.05281204618798377,
      "min": 0.0155567290120266,
      "max": 0.3212319742091291
    },
    "gmsd_secedct": {
      "mean": 0.2530679419099297,
      "std": 0.02817973984113334,
      "min": 0.17076697502325106,
      "max": 0.3818239495861994
    },
    "gmsd_ghe": {
      "mean": 0.13218029963815206,
      "std": 0.06073731564802319,
      "min": 0.020869479565537547,
      "max": 0.37006837385648567
    },
    "gmsd_clahe": {
      "mean": 0.0799519398104415,
      "std": 0.010253577821681438,
      "min": 0.03194572778389183,
      "max": 0.10810304534073398
    },
    "ssim_sece": {
      "mean": 0.7723331206483026,
      "std": 0.13131677565338176,
      "min": 0.23941064050060537,
      "max": 0.9793145739539755
    },
    "ssim_secedct": {
      "mean": 0.5173454552043946,
      "std": 0.11938138617048263,
      "min": 0.11908142050883652,
      "max": 0.7963291578790344
    },
    "ssim_ghe": {
      "mean": 0.7405805827120774,
      "std": 0.15005492838722748,
      "min": 0.18254232700056422,
      "max": 0.9730645577350754
    },
    "ssim_clahe": {
      "mean": 0.8328372198055063,
      "std": 0.04407724751893813,
      "min": 0.6951035201951488,
      "max": 0.9713392301803025
    },
    "sece_time": {
      "mean": 0.46990724780154414,
      "std": 0.08375840462829366,
      "min": 0.1597516000038013,
      "max": 0.7380588999949396
    },
    "secedct_time": {
      "mean": 0.48133215979998933,
      "std": 0.08765038668352974,
      "min": 0.20060610002838075,
      "max": 0.7511881999671459
    },
    "ghe_time": {
      "mean": 0.00014976479625329375,
      "std": 2.9154346668080214e-05,
      "min": 0.00011140003334730864,
      "max": 0.0002723000943660736
    },
    "clahe_time": {
      "mean": 0.00034159879991784694,
      "std": 0.0017603551239640431,
      "min": 0.0001922999508678913,
      "max": 0.03949629992712289
    }
  },
  "timing_pass": true
}